uniprot_id,topt,sequence
D5G3B2,55,MNILKLLSCSTCAILCTATHAADWDAYSIPASAGSGKTWQLQTVSDQFNYQAGTSNKPAAFTNRWNASYINAWLGPGDTEFSSGHSYTTGGALGLQATEKAGTNKVLAGIVSSKATFTYPLYLEAMVKPSNNTMANGVWMLSSDSTQEIDAMEAYGSDRVGQEWFDQRMHVSHHVFIREPFQDYQPKDAGSWVYNNGETYRNKFRRYGVHWKDAWNLDYYIDGVLVRSVSGPNIIDPEGYTGGTGLSKPMHILLDMEHQPWRDVKPNSAELADSNKSIFWIDWIRVYKAN
T1WFD0,60,MYAADWDGVPIPAPAGQNKTWQIQSVSDDFNYTASANNKPNAFTSRWNDSYINAWLGPGDTEFSAGHSYTNSGKLALQAAEKTGTDKVYAGIISSKQTFTYPLYIEARAKSTNNTMANAVWMLSADSTQELDAMEAYGSDRPGQEWFDRRMHVSHHVFIREPFQDYQPKDEGSWIYNEQEPWRVSYHNYGMHWKDPWNVDYYIDGVLVRSVSGPQMIDPNNFTNGTGINKPLHIIIDMEHQDWRDVKPTSAELADPAKSIFYVDWIRVYKPVDSGASAPTPPTGATSLQARHSSKCLDLSAGNSADGTNMQQWGCSATNTNQDITFVAKGDGYYEMKTKHNKCIDVAGKETTNGANLVQWSCYNGTNPQFKLLDKGNGWFQLQAKHSGKCLEVVNSATTNGANVQQWACGNGNNQQWKFQ
P13734,30,MLKVIPWLLVTSSLVAIPTYIHATTEVVVNLNVKHSVEGKSEFERKNHIKLHSTLNDNDWQGEEDKLKYMMEELDVYFGRDNGGTVWNFNQAIEDPANIGYADPQNIIARGQAQRETNWGQNKSALHQYDGRGDLMIGGQPRAHYLGNTSPCCGGSAWQAKGGDAVGDFLGQYVNEFFRSAGDPVTKGHLAPVYFEVLNEPLYQVTDAPHELGLEQPIPPIDIFTFHNDVADAFRQHNTHIKIGGFTVAFPIFEQREFARWEERMKLFIDTSGSHMDVYSTHFYDLEDDNRFKGSRLEATLDMIDQYSLLALGETKPHVISEYGGRNRPMENAPWSALRDWWFLKTASPMLMQFLSRPDSVLTSIPFVPIKALWGTAADGTPYNWRLLRQQKEAPNETGENWVFTEMVKFYQLWSDVKGTRVDTFSTNSDFLIDSYVQNDKAYVLISNLTEQAEKIVVHKYGAPASSQPTTRIKHLYLKGAAPRLMKQVMRQISKKSRLLLKRLW
A5A6R7,40,MSSALALAFSSAPVQAIYTPWEGSFHQYPDSYYDVDGQLVEEAYEEPEQVPGNGLSPWDPADAIKRTSPEHQNYPLSDLANQGGWTMVEELSDEFDSPQFNEYNLMGKENGKWLPNNHIWGGRAPAVFAPKNVKQEGGKLHLSIANDESYTPHGFWNEWYYGWTSASVQNVNPIRYGYFEVKSKVGIGSSGFWLYAETLEDKEYLSQFNEPGHVKSKLELDVYEQSGRRSEWAPYYNMNSWVFIHQGEEMSYVSEEGNEYTAYQNGGHWKADIDFADDFHVYGFYWGPEEIIWYFDGKPIRSMKNRYYHTPLYLLLDTETMPDWFGMPSANELDFAHQIEYVRVWTNDETEQNWRGRYFMDPTIKTGDGLNGKPGENRVAAEYGGTEAYREKWGNPVSGSPEVVTLQGIAAKQSHSEIQSDIPYVLVPQFTPSNVTDKQMNWLSSDPSIADINRSGMVSAKAAGSVTFTGSHADLPNQTISVTADILQIGKRFDLELVNYGATGKEGDEVENDNVYGWGVGNGVVTFNTRGDYGDFFDVDFGSGGTYMAGISAGTDIASGIGATIFIDGVEVLSGDIDSSGNWNVNKRTDLAGSFEVEPGTHTVRIMSSGSSGWQWNGARAHFVQVLEGDVDPGDGGTDPGDGGTDPGDGGTDPGDGGTDPGDGGTDPGDGGTDPGDGGTDPGDGGTDPGDGSTDPTAVTLQAQSFVATGGANGGFEVYDIAGGQGINFNQTGDYADYTVNLAAGSYSVSLYAATPMNDAGVELILNGESIAVSSISPTGGWDNFQSSVIAANLVVATGGEQALRLISVGADNAWQWNADKLVFTPNSGNGATNPDPTPGEVVISVEAESFADTGGSYDGFQVYAINGGSAINFNQAGDYADYLVTIEQAGTYSMSIEAGTNLANTGIEVWVDGESQASSAITNTGSWDVFASNLVSNNISLSEGQHTIRIMGVGEAGSWQWNADKFTLTKQ
Q0KKW9,35,MLKRHQASRKVSSSLVALLKPSAIAVLATVALASGANAANYTASNASQLSARLQDAANNGTGVDVITIQGSIFTDQQIDIQTPVTIQGAAGFRVSRIIRTSDDGFQPLFNIQSSNVTIRNLLLIDEKGQNTNTQVASEAGNDHSNARLINIPYEDAYQQIANITIENNTFENTAVGVASSGLIPRNLSITNNDFIKVNRSVELLRDVGRVYNVWNVSANNVVLNGGTLNISNNRIRGNRVRLGISVDAGNDGVYVPPSFTNIPFFDAAARAQFSDKPVVFANGSQVNSNTVEGANEFGIALATVANVTVAGNTVSTTEDDINSSDDIENNFTAGINVEHNSRDIVVDSNTITVGASGNFATGINVLAFQDHHAPLNHAQASSNITLVRNIFKGTGENTILAFGFSNLVVEDNNASQFTTRNPYQVTASFYNVPCGLSTSTARGTNNNIRYNQSSFNGTGNAPQYYDKNGNVVSGYTCQ
P48839,30,MKIKFLSAAIAASLALPLSAATLVTSFEEADYSSSENNAEFLEVSGDATSEVSTEQATDGNQSIKASFDAAFKPMVVWNWASWNWGAEDVMSVDVVNPNDTDVTFAIKLIDSDILPDWVDESQTSLDYFTVSANTTQTFSFNLNGGNEFQTHGENFSKDKVIGVQFMLSENDPQVLYFDNIMVDGETVTPPPSDGAVNTQTAPVATLAQIEDFETIPDYLRPDGGVNVSTTTEIVTKGAAAMAAEFTAGWNGLVFAGTWNWAELGEHTAVAVDVSNNSDSNIWLYSRIEDVNSQGETATRGVLVKAGESKTIYTSLNDNPSLLTQDERVSALGLRDIPADPMSAQNGWGDFVALDKSQITAIRYFIGELASGETSQTLVFDNMRVIKDLNHESAYAEMTDAMGQNNLVTYAGKVASKEELAKLSDPEMAALGELTNRNMYGGNPDSSPATDCVLATPASFNACKDADGNWQLVDPAGNAFFSTGVDNIRLQDTYTMTGVSSDAESESALRQSMFTEIPSDYVNENYGPVHSGPVSQGQAVSFYANNLITRHASEDVWRDITVKRMKDWGFNTLGNWTDPALYANGDVPYVANGWSTSGADRLPVKQIGSGYWGPLPDPWDANFATNAATMAAEIKAQVEGNEEYLVGIFVDNEMSWGNVTDVEGSRYAQTLAVFNTDGTDATTSPAKNSFIWFLENQRYTGGIADLNAAWGTDYASWDATSPAQELAYVAGMEADMQFLAWQFAFQYFNTVNTALKAELPNHLYLGSRFADWGRTPDVVSAAAAVVDVMSYNIYKDSIAAADWDADALSQIEAIDKPVIIGEFHFGALDSGSFAEGVVNATSQQDRADKMVSFYESVNAHKNFVGAHWFQYIDSPLTGRAWDGENYNVGFVSNTDTPYTLMTDAAREFNCGMYGTDCSSLSNATEAASRAGELYTGTNIGVSHSGPEAPDPGEPVDPPIDPPTPPTGGVTGGGGSAGWLSLLGLAGVFLLRRRKV
A8W969,30,MKGFTKHSILMACSIGLAINATAADWDNIPIPAELDAGQSWELQQNYSDSFNYSGKNSTFTGKWKDSYFHSWTGPGLTHWSSDESWVGDGNLIISASRRQGTNKVNAGVITSKTKVKYPIFLEASIKVSNLELSSNFWLLSENDQREIDVLEVYGGARQDWYAKNMSTNFHVFFRNNDNSIKNDYNDQTHFTPTWGNYWRDGFHRFGVYWKSPTDVTFYIDGQKTTKGAWSQVVMKDKDYTGAILDKSRYNMDQEAFIIIDTEDHSWRSEAGHIATDADLADSDKNKMYVDWIRVYKPTGGSTTPPTGDITPPSGYTNLQLAHSNRCVDVINGALWNGSTYQQYSCNTGNNNQRFKFTKIANNQYSINAKVSQLCMELASGSSANGAKVQQWICNHANSNQTWSLEDKGSNTFEIRNKQSGKCLEVANSSNANGGQIRQWACTGATNQRFKFL
A1E2B6,40,MKSIIKTLTLLPIFLTSTTLMAEDWREIPIPAPLEDGQSWELQEAYSDSFNYTGKGDSFRSKWNDTYFHGWTGPGLTYWQSDESWVDDGNLIISASRRQGTEMVNAGVVTSKTKVKYPIFLEANIKVSGLELSSNFWLLSENDQREIDVLEVYGGAEDEWFAKNMSTNFHVFFRNEDNSIRSDFNDQTHNEPQWGTYWRDGFHRFAVYWKSPTEVTFYINGIETPKGSWEDVVMKDKDYTGAILDKSTYNMDQEMFIIIDTEDHSWRSEAGIIAKDEDLADDSKNKMYVDWIRVYKPVGGDDNGNVTVPSGYTNTQFVHSDLCLDVKDGATWNGSTYQQWVCNTGNLNQRFGFEEVATGEYLIKSKRSQLCLELKPGSNQWQDGAIIQQYVCNSAEENQRWTLFDKGSQTFEIRSKATGKCLELADNQGSNGGTVQQWSCDGGNNQRLKFIQ
A1A3Y9,40,MLKRHQASRKVSSSLVALLKPSAIAVLATVALASGANAANYTASNASQLSARLQDAANNGTGVDVITIQGSIFTDQQIDIQTPVTIQGAAGFRVSRIIRTSDDGFQPLFNIQSSNVTIRNLLLIDEKGQNTNTQVASEAGNDHSNARLINIPYEDAYQQIANITIENNTFENTAVGVASSGLIPRNLSITNNDFIKVNRSVELLRDVGRVYNVWNVSANNVVLNGGTLNISNNRIRGNRVRLGISVDAGNDGVYVPPSFTNIPFFDAAARAQFSDKPVVFANGSQVNSNTVEGANEFGIALATVANVTVAGNTVSTTEDDINSSDDIENNFTAGINVEHNSRDIVVDSNTITVGASGNFATGINVLAFQDHHAPLNHAQASSNITLVRNIFKGTGENTILAFGFSNLVVEDNNASQFTTRNPYQVTASFYNVPCGLSTSTARGTNNNIRYNQSSFNGTGNAPQYYDKNGNVVSGYTCQ
Q8GB62,40,MKGFTKHPLLLACGLGLSLSTYAADWDNIPIPAELDPGQSWELQESYSDSFNYSGKPSSFTSKWKDAYFHNWTGPGLTYWSSDESWVGDGNLIISASRRQGTNQVNAGVVTSKTKVKYPIFLEANIKVSNLELSSNFWLLSENDQREIDVLEVYGGARQDWFAKNMSTNFHVFFRNNDNSISSDFNDQTHNTPTWGNYWREGFHRFGVYWKSPTEVTFYINGQKTTKGAWSQVVMKDKDYTGAILDKSRYNMDQEMFIILDTEDHSWRSEAGHIATDADLADGDKNKMYVDWIRVYKPTGGSTTPPTGGITPPSGYTNLQVAHSNLCLDVKSGALWNGSTYQQWSCNTGNNNQRFQFTALGNNEYSISAKVSQLCMELASGSSADGAKVQQWVCNHANTSQVWSLVDKGSNTFEIRNKQSGKCLEIANNSGANGADLRQWSCDGGTNQRFKFQ
C9W1W7,40,MAARLCCQLDPARDVLCLRPVGAESRGRPISGPFGTLPSPSSSAVPTDHGAHLSLRGLPVCAFSSAGPCALRFTSARRMETTVNARQVLPKVLHKRTLGLSAMSTTDLEAYFKDCVFKDWEELGEEFRLKVFVLGGCRHKLV
A1E2A6,40,MKIKFLSAAIAASLALPLSAATLVTSFEEADYSSSENNAEFLEVSGDATSEVSTEQATDGNQSIKASFDAAFKPMVVWNWGSWNWGAEDVMSVDVVNPNDTDVTFAIKLIDSDILPDWVDESQTSLDYFTVSANTTQTFSFNLNGGNEFQTHGENFSKDKVIGVRFMLSENDPQVLYFDNIMVDGETVTPPPSDGAVNTQTAPVATLAQIEDFETIPDYLRPDGGVNVSTTTEIVTKGAAAMAAEFTAGWNGLVFAGTWNWAELGEHTAVAVDVSNTSDSNIWLYSRIEDVNSQGETATRGVLVKAGESKTIYTSLNDNPSLLTQDERVSALGLRDIPADPMSAQNDWGDFVALDKSQITAIRYFIGELASGETSQTLVFDNMRVIKDLNHESAYAEMADAMGQNNLVTYAGKVASKEELAKLSDPEMAVLGELTNRNMYGGNPDSSPATDCVLVTPASFNACKDADGNWQLVDPAGNAFFSTGVDNIRLQDTYTMTGVSSDAESESALRQSMFTEIPSDYVNENYGPVHSGPVSQGQAVSFYANNLITRHASEDVWRDITVKRMKDWGFNTLGNWTDPALYANGSVPYVANGWSTSGADRLPVKQIGSGYWGPLPDPWDANFATNAATMAAEIKAQVEGNEEYLVGIFVDNEMSWGNVTDVEGSRYAQTLAVFNTDGTDATTSPAKNSFIWFLENQRYTGGIADLNAAWGTDYASWDAMRPAQELAYVAGMEADMQFLAWQFAFQYFNTVNTALKAELPNHLYLGSRFADWGRTPDVVSAAAAVVDVMSYNIYKDSIAAADWDADALSQIEAIDKPVIIGEFHFGALDSGSFAEGVVNATSQQDRADKMVKFFESVNAHKNFVGAHWFQYIDSPLTGRAWDGENYNVGFVSNTDTPYTLMTDAAREFNCGMYGTDCSSLSNATEAASRAGELYTGTNIGVSHSGPEAPDPGEPVDPPIDPPTPPTGGVTGGGGSAGWLSLLGLAGVFLLRRRKV
G3CHF0,40,MYCSFYWLSNNYVKERRISVRFNKNTIALAIIANTLAAGSIAATKTPDTSNNETTQQDMSSSVQPVVMTDDGFLSKTANTHTSYNVAGENLEIVFDAISESEANSKWPNMKFRPESGSYDWNTKGGLQLTLENPGDREVRIEMKVADNIGIMGATTHQLDLPIYLPAGKTTTVDFLFNGAEMNIEGYRGGSELDLRNIAEFQFYAVGPIGEQKVVVHDIDFIEHTGDFVLSEARQGQVIEAQIPAILTVTDFESGVEGIVERHSGSNVDIVKSDTGSAIKVHYTTDDDYPTIKFSAGKDGQAWDWSKYGDVALAFDAKNIGDSGMQLFVRVDDALDEKLGGTATGAVNSRTGYVQIPANSEDKYYFTFKDLAEGLDSGMRGEPPKKSFSASQVVFGWGESELDLSNIVSVQLYMMNPQEEATLVIDNLSLIPNLSTDTTRYANLLDEFGQYQEETWPEKITDLDQLKAQAKVDKKLLKNASLMSDRSKFGGWAKGPKLEATGYFRTEKVNDKWALVDPEGYLYFATGVDNIRMDDSYTVTGMDFADAVEADTKGMRPSQVAAERYIDDKRERVEASTHRRGMFDWLPDFNDPLADNYSYTQMVHKGPLKHGEVFSFYSANLQRKYDTDSAQGAIEIWKDVTLARMQNWGFTTFGNWSDPMYRKNGKVPYTAHGWITGDHQRVSTGNDYWGAMHDPFDTNFRVSVAIMAKELGEEVDNDPWCIGYFVDNELSWGNTVNNTNHYALAISGLRASTKESSAKAAFDALLKAKYGSIKKFNAAWGVDVASWDAFAKGFNYQGEYTETVKADLSVLLDAFADKYFAVVSEEMEKVLPNHLYMGVRFSDWGITPEAATAAARYVDVMSYNLYATDLNAKGDWSRLPELDKPSIIGEFHFGSTDSGLFHPGIISSDNQQGRAQSYAKYMESVVDNPYFVGAHWFQYMDSPVTGRAWDGENYNVGFVSVTDTPYEPLVKSAKEINRNLYNRRFGSINK
G0ZDR5,40,MKNFYLILLLSFNLGHLVNAQEWSNIPVPAYAGPGNTWELQSNLSDDFNYNFNAVNYKSNFGNGKWYNFYHNGWDGPGTTYWTYNKVKVDGDNLVITVAKSNNTSKMGIPGVFSGCVTSNNRVVYPVYVESAISVANISLASCFWLLSPDDTQEIDIIENYGNVPWFKQFTHISHHSFIRTPFTDYQPKDWNSWYNDNRVTANYGWGDWCWNNGNRRYMRMGVYWVGPKHFEYYIDGQLVRVMYHNATATKVNGTWEYQYFNAMNGQFPANNANGYTAVTTYATGSVYNFSTIQAASNNSNGISVIDPGNFQGGAGFTKAMDIIINVESQQWLALNHTPSDADLASSARNQMKVDWVRVYKPKSSSGDGSNGTTCADAPDYNGNSNSYSAGQYVINGGILYRKRSDGQWDWIANCNSSSRVSELVIEDIPEAQIALSPNPAKGFVKISGLGEGSFQAEIVTMQGQILSTQTVSRATNTLSTADLSPGVYIIKVAGEAQKLIVR
Q76DQ8,50,MKTTQCALAALVFSTPLMAADWDGTPVPADAGPGNTWELHPLSDDFNYSAPASGKSATFFERWSEGFINPWLGPGETEYYGPNSSVESGNLVIKASRKAGTTKIHAGAIHSNESVTYPLYMEARVQVTNLTMANAFWLLSSDSTQEIDVLESYGSDRPSETWFDERLHLSHHVFIREPFQDYQPKDDGSWYPNPNGGTWRDQWIRIGTYWVDPWTLEYYVNGEHVRTVTGPSMIDPYGYTGGTGLSKPMQVIFDAEHQPWRDTQGTAPPTDEELADPSRNKFLVDWVRFYKPVPDTNGGGPGNGSISVEKEAEDFDNVGGYFSDGQSQAISTYTTGATTAINYVNREDYADYTVTVPEDRIYNITYNISSGITGGRIDFLVNESGTWSNKTQTAVPNAGWNNFQPLSGGTVYLEAGTHTVRLYGAGTHDWQWNLDKFTLSN
D7NPL0,55,MKQLKLLIGSTLFMSITSVQAADWSPFSIPAQAGAGKSWQLQSVSDEFNYIAQPNNKPAAFNNRWNASYINAWLGPGDTEFSAGHSYTTGGALGLQATEKAGTNKVLSGIISSKATFTYPLYLEAMVKPTNNTMANAVWMLSADSTQEIDAMESYGSDRIGQEWFDQRMHVSHHVFIRDPFQDYQPKDAGSWVYNNGETYRNKFRRYGVHWKDAWNLDYYIDGVLVRSVSGPNIIDPENYTNGTGLNKPMHIILDMEHQPWRDVKPNASELADPNKSIFWVDWLRVYKAQ
Q6F4N4,55,MRKITSILLTCVMGCTATYAADWDGVPVPANPGSGKTWELHPLSDDFNYEAPAAGKSTRFYERWKEGFINPWTGPGLTEWHPHYSYVSGGKLAITSGRKPGTNQVYLGSITSKAPLTYPVYMEARAKLSNMVLASDFWFLSADSTEEIDVIEAYGSDRPGQEWYAERLHLSHHVFIRDPFQDYQPTDAGSWYADGKGTKWRDAFHRVGVYWRDPWHLEYYVDGKLVRTVSGQDIIDPNGFTGGTGLSKPMYAIINMEDQNWRSDNGITPTDAELADPNRNTYYVDWVRFYKPVPINGNATTVELGNFHNTGKDGANVTGDTVLGFNKNGNNINYNTKGDWADYTVNLPAAGEYRVDLVIASPMSSGLGAELTFAGNAAKTVTLSNTGGWESYQTFTLPQTISVSSPGNYNFRLKSTGSSNWQWNGDEIRFVKL
D0PR18,40,MKNIYLILLLSFNLGHLVNAQEWSNIPVPAYAGPGNTWELQSNLSDDFNYNFNAVNYKSNFGNGKWYNFYHNGWDGPGTTYWTYNKVKVDGDNLVITVAKSNNTSKMGIPGVFSGCVTSNNRVVYPVYVESAISVANISLASCFWLLSPDDTQEIDIIENYGNVPWFKQFTHISHHSFIRTPFTDYQPKDWNSWYNDNRVTANYGWGDWCWNNGNRRYMRMGVYWVGPKHFEYYIDGQLVRVMYHNATATKVNGTWEYQYFNSMNGQFPANNASGYTAVTTYATSTNYNFSTIQAASNNSNGISVIDPGNFQGGAGFTKAMDIIINVESQQWLALNHTPSDADLASSARNQMKVDWVRVYKPKSSSGGGSNGTTCADAPDYNGNSNSYTAGQYVINGGILYRKRSDGQWDWIANCNSSSRVSELVIEDIPEAQIALSPNPAKGFVKISGLGEGSYQAEIVTMQGQILSTQTVSRATNTLSTADLSPGVYIIKVAGEAQKLIVH
K7WTF8,35,MLKRHQASRKVSSSLVALLKPSAIAVLATVALASGANAANYTASNASQLSARLQDAANNGTGVDVITIQGSIFTDQQIDIQTPVTIQGAAGFRVSRIIRTSDDGFQPLFNIQSSNVTIRNLLLIDEKGQNTNTQVASEAGNDHSNARLINIPYEDAYQQIANITIENNTFENTAVGVASSGLIPRNLSITNNDFIKVNRSVELLRDVGRVYNVWNVSANNVVLNGGTLNISNNRIRGNRVRLGISVDAGNDGVYVPPSFTNIPFFDAAARAQFSDKPVVFANGSQVNSNTVEGANEFGIALATVANVTVAGNTVSTTEDDINSSDDIENNFTAGINVEHNSRDIVVDSNTITVGASGNFATGINVLAFQDHHAPLNHAQASSNITLVRNIFKGTGENTILAFGFSNLVVEDNNASQFTTRNPYQVTASFYNVPCGLSTSTARGTNNNIRYNQSSFNGTGNAPQYYDKNGNVVSGYTCQ
P07883,40,MVNRRDLIKWSAVALGAGAGLAGPAPAAHAADLEWEQYPVPAAPGGNRSWQLLPSHSDDFNYTGKPQTFRGRWLDQHKDGWSGPANSLYSARHSWVADGNLIVEGRRAPDGRVYCGYVTSRTPVEYPLYTEVLMRVSGLKLSSNFWLLSRDDVNEIDVIECYGNESLHGKHMNTAYHIFQRNPFTELARSQKGYFADGSYGYNGETGQVFGDGAGQPLLRNGFHRYGVHWISATEFDFYFNGRLVRRLNRSNDLRDPRSRFFDQPMHLILNTESHQWRVDRGIEPTDAELADPSINNIYYRWVRTYQAV
G0L322,44,MKKNYLLLYFIFLLCGSIAAQDWNGIPVPANPGNGMTWQLQDNVSDSFNYTSSEGNRPTAFTSKWKPSYINGWTGPGSTIFNAPQAWTNGSQLAIQAQPAGNGKSYNGIITSKNKIQYPVYMEIKAKIMDQVLANAFWTLTDDETQEIDIMEGYGSDRGGTWFAQRMHLSHHTFIRNPFTDYQPMGDATWYYNGGTPWRSAYHRYGCYWKDPFTLEYYIDGVKVRTVTRAEIDPNNHLGGTGLNQATNIIIDCENQTDWRPAATQEELADDSKNIFWVDWIRVYKPVAVSGGGNNGNDGATEFQYDLGTDTSAVWPGYTRVSNTTRAGNFGWANTNDIGSRDRGASNGRNNINRDINFSSQTRFFTQDLSNGTYNVLITFGDTYARKNMNVAAEGQNKLTNINTNAGQYVSRSFDVNVNDGKLDLRFSVGNGGDVWSITRIWIRKVTSNSANLLAAKGLTLEDPVETTEFLYPNPAKTDDFVTVPNSEIGSSIIIYNSAGQVVKKVSVVSENQKISLEGFAKGMYFINLNGQSTKLIVQ
Q9RGX8,44,MYLIYLRLVFCCALLLGCGDNSKFDSATDLPVEQEQEQETEQEGEPEESSEQDLVEEVDWKDIPVPADAGPNMKWEFQEISDNFEYEAPADNKGSEFLEKWDDFYHNAWAGPGLTEWKRDRSYVADGELKMWATRKPGSDKINMGCITSKTRVVYPVYIEARAKVMNSTLASDVWLLSADDTQEIDILEAYGADYSESAGKDHSYFSKKVHISHHVFIRDPFQDYQPKDAGSWFEDGTVWNKEFHRFGVYWRDPWHLEYYIDGVLVRTVSGKDIIDPKHFTNTTDPGNTEIDTRTGLNKEMDIIINTEDQTWRSSPASGLQSNTYTPTDNELSNIENNTFGVDWIRIYKPVEK
Q21HC5,30,MGAIGGLVKINISFIPLFVISASIFIGACNSSKLESGVDSNNISPVMLFDFENDQVPSNIHFLNARASIETYTGINGEPSKGLKLAMQSKQHSYTGLAIVPEQPWDWSEFTSASLYFDIVSVGDHSTQFYLDVTDQNGAVFTRSIDIPVGKMQSYYAKLSGHDLEVPDSGDVNDLNLASGLRSNPPTWTSDDRQFVWMWGVKNLDLSGIAKISLSVQSAMHDKTVIIDNIRIQPNPPQDENFLVGLVDEFGQNAKVDYKGKIHSLEELHAARDVELAELDGKPMPSRSKFGGWLAGPKLKATGYFRTEKINGKWMLVDPEGYPYFATGLDIIRLSNSSTMTGYDYDQATVAQRSADDVTPEDSKGLMAVSEKSFATRHLASPTRAAMFNWLPDYDHPLANHYNYRRSAHSGPLKRGEAYSFYSANLERKYGETYPGSYLDKWREVTVDRMLNWGFTSLGNWTDPAYYDNNRIPFFANGWVIGDFKTVSSGADFWGAMPDVFDPEFKVRAMETARVVSEEIKNSPWCVGVFIDNEKSFGRPDSDKAQYGIPIHTLGRPSEGVPTRQAFSKLLKAKYKTIAALNNAWGLKLSSWAEFDLGVDVKALPVTDTLRADYSMLLSAYADQYFKVVHGAVEHYMPNHLYLGARFPDWGMPMEVVKAAAKYADVVSYNSYKEGLPKQKWAFLAELDKPSIIGEFHIGAMDHGSYHPGLIHAASQADRGEMYKDYMQSVIDNPYFVGAHWFQYMDSPLTGRAYDGENYNVGFVDVTDTPYQEMVDAAKEVNAKIYTERLGSK
Q4W8F0,40,MKIKFLSAAIAASLALPLSAATLVTSFEEADYSSSENNTEFLEVSGDATSEVSTEQATDGNQSIKASFDAAFKPMVVWNWGSWNWGAEDVMSVDVVNPNDTDVTFAIKLIDSDILPDWVDESQTSLDYFTVSANTTQTFSFNLNGGNEFQTHGENFSKDKVIGVQFMLSENDPQVLYFDNIMVDGETVTPPPSDGAVNTQTAPVATLAQIEDFETIPDYLRPDGGVNVSTTTEIVTKGAAAMAAEFTAGWNGLVFAGTWNWAELGEHTAVAVDVSNTSDSNIWLYSRIEDVNSQGETATRGVLVKAGESKTIYTSLNDNPSLLTQDERVSALGLRDIPADPMSAQNGWGDFVALDKSQITAIRYFIGELASGETSQTLVFDNMRVIKDLNHESAYAEMTDAMGQNNLVTYAGKVASKEELAKLSDPEMAALGELTNRNMYGGNPDSSPATDCVLATPASFNACKDADGNWQLVDPAGNAFFSTGVDNIRLQDTYTMTGVSSDAESESALRQSMFTEIPSDYVNENYGPVHSGPVSQGQAVSFYANNLITRHASEDVWRDITVKRMKDWGFNTLGNWTDPALYANGDVPYVANGWSTSGADRLPVKQIGSGYWGPLPDPWDANFATNAATMAAEIKAQVEGNEEYLVGIFVDNEMSWGNVTDVEGSRYAQTLAVFNTDGTDATTSPAKNSFIWFLENQRYTGGIADLNAAWGTDYASWDAMRPAQELAYVAGMEADMQFLAWQFAFQYFNTVNTALKAELPNHLYLGSRFADWGRTPDVVSAAAAVVDVMSYNIYKDSIAAADWDADALSQIEAIDKPVIIGEFHFGALDSGSFAEGVVNATSQQDRADKMVSFYESVNAHKNFVGAHWFQYIDSPLTGRAWDGENYNVGFVSNTDTPYTLMTDAAREFNCGMYGTDCSSLSNATEAASRAGELYTGTNIGVSHSGPEAPDPGEPVDPPIDPPTPPTGGVTGGGGSAGWLSLLGLAGVFLLRRRKV
P48840,30,MVEVMKFTKNKIAALLSLTLLGVYGCGSTPSSSDAEGAVEDVGGTIPDFESAAFFKKVKKDHRKAEVVSDQGVTSGSSALKVNFDSVSEANKFKYWPNVKVHPDSGFWNWNAKGSLSLDITNPTDSPANIILKLADNVGVMGSGDNQLNYAVNVPAGETVPVEMLFNGTKRKLDGYWGGEKINLRNIVEFQIFVQGPMDAQTVIIDNFNLVDATGDFIEASGQEVKVSGPIPTVASITSFDEGQPTFVAFDRSAAATVTELKTDMGGLLAVKLAATNAYPNITFKAPQPWDWSEYGDFSLAFDLESKADEPLQLFVRVDDAENENWGGTANGVVDSMSSYVTLAPGDDGTFYLPLGQTGSQIVSGMRAEPPKKSYNAQAISYGWGEKSLDTSNIVSFQLYLQNPTKDAEFNIKSVRLIPNIDADATRYEGLIDQYGQFTGSEWPKKITEDEELETMGKLAKMSLKSTSQMPGRSIYGGWADGPKLKGTGFFRTEKVDGKWSLVDPQGNLFFATGVDNIRMDDTVTITGHDFADKDKRSGKEVASEVRRSMFTWLPEDDDVLAENYDYANWVHSGALKKGEVFSFYGANLQRKYGGTFSEAEKVWKDITIDRMVDWGFTTLGNWADPMFYDNKKVAYVANGWIFGDHARISTGNDYWGPIHDPFDPEFVNSVKAMTKKLMTEVDKNDPWMMGVFVDNEISWGNTKNDANHYGLVVNALSYDMKKSPAKAAFTEHLKEKYWAIEDLNTSWGVKVASWAEFEKSFDHRSRLSKNMKKDYAEMLEMLSAKYFSTVRAELKKVLPNHLYLGAPFADWGVTPEIAKGAAPYVDVMSYNLYAEDLNSKGDWSKLAELDKPSIIGEFHFGSTDSGLFHGGIVSAASQQDRAKKYTNYMNSIADNPYFVGAHWFQYIDSPTTGRAWDGENYNVGFVSITDTPYVPLVEAAKKFNQDVYMLRYKK
A4UMV9,40,MKNNLLLIGCVLTSTNLMANDWDAIPLPVAPDNGKVWQLQEEYSDSFNYTGKPAAFTSKWNDTYFNSWTGPGLTYWQRDESWVSDGNLIISASRRAGTDQVNAGVITSKTKVTFPIFLEASIKVSNLELSSNFWLLSDNDEREIDVLEVYGGARDEWFARNMSTNFHVFIRDQQTNQIISDYNDQTHNTPSWGTYWREGFHRFGVYWKSPTDVTFYIDGQQTPDGSWAQVVMKDKDYTGATLNKNTHNMDQSAYIIIDTEDHDWRSEAGNIATDADLADDSKNKMYVDWVRVYKPVNAANTSSVTSGAQIKAKHSQKCIDIKNGAMNNGSTYQQWNCNSNNENQAFELVELTNNEYAISSQLTGLCMQIANSSTSNGAGVEQWVCDHTKANQRFTLNNTGDGYFELRSSLSNKCIDIAGKLQTNGASVVQWQCYNGDNQRFQLIE
U3GSN9,40,MHNKMSKLWFASAISCLAILGCSQQASNDNNGVIDELVNFSSQTTLDQNIALYNASTEYNAETRSLKVNFNTSEHAYSSISFVSEAGWDWSDLNDFNIAFDIANEGEHSTQVYLDITDGNGDNYTRSVSIPVGATKTYYAKMAGHDLQTPDGDEDVELNFMSGLRSNPDTWQSDEVNFISLWGKKNLDVSNIKRIAFSVQSALYDKAITFSKVQIRQNPAMDETFLTGIVDQYGQNAKQEFVGKIHNDQELLAARDEELSALKNGYDAETRTKFGGWKNGPRQEATGYFRTEKINGKWSLVDPLGYPYFATGLDIIRLSNTSTMTGYDFDQGLINQRKASDLTPEDSQKLNRVSNEAAKTRYVASDLRKDLFTWLPSYDEPLGKHYGYRRSAHSGPLSHGETFSFYSANLERKYADINPDFMEVWKDVTIRRMQTWGFTSFGNWTDPMFYQNDRVPYFANGWIIGNYKKVSSGNDFWAPLPDVFDPLFEERAIVTVKQVAAEVQNNPWCVGVFIDNEMSFGRPDSVASHYGIVLNTLARDGKDVPTKAEFTRVMKEKYQDIAALNKAWGTDIASWDAFNQGVEGNVESEGQLADFSILLTTYADKYFAIVNKALKEHMPNHLYLGARFPDWGMPIEVVKASAKHVDVISFNVYKEGLIKSKWDFLKEIDMPSIVGEWHIGASDSGLFHPGLIHAADQADRAKMYKDYMHSVIDNDYFVGAHWFQYMDSPITGRAYDGENYNVGFISVTDQPYKPIVQAASEVNEAMYNRRFKAQ
A2TGZ5,40,MVEVMKFTKNKIAALLSLTLLGVYGCGSTPSSSDAEGAVEDVGGTIPDFESAAFFKKVKKDHAKAEVVSDQGVTSGSSALKVNFDSVSEANKFKYWPNVKVHPDSGFWNWNAKGSLSLDITNPTDSPANIILKLADNVGVMGSGDNQLNYAVNVPAGETVPVEMLFNGTKRKLDGYWGGEKINLRNIVEFQIFVQGPMDAQTVIIDNFNLVDATGDFIEASGQEVKVSGPIPTVASITSFDEGQPTFVAFDRSAAATVTELKTDMGGLLAVKLAATNAYPNITFKAPQPWDWSEYGDFSLAFDLESKTDEPLQLFVRVDDAENENWGGTANGVVDSMSSYVTLAPGDDGTFYLPLGQTGSQIVSGMRAEPPKKSYNAQAISYGWGEKSLDTSNIVSFQLYLQNPTKDAEFNIKSVRLIPNIDADATRYEGLIDQYGQFTGSEWPKKISEDEELETMGKLAKMSLKSTSQMPGRSIYGGWADGPKLKGTGFFRTEKVDGKWSLVDPQGNLFFATGVDNIRMDDTVTITGHDFADKDKRSGKEVASEVRRSMFTWLPEDDDVLAENYDYANWVHSGALKKGEVFSFYGANLQRKYGGTFSEAEKVWKDITIDRMVDWGFTTLGNWADPMFYDNKKVAYVANGWIFGDHARISTGNDYWGPIHDPFDPEFVNSVKAMTKKLMTEVDKNDPWMMGVFVDNEISWGNTKNDANHYGLVVNALSYDMKKSPAKAAFTEHLKEKYWAIEDLNTSWGVKVASWAEFEKSFDHRSRLSKNMKKDYAEMLEMLSAKYFSTVRAELKKVLPNHLYLGARFADWGVTPEIAKGAAPYVDVMSYNLYAEDLNSKGDWSKLAELDKPSIIGEFHFGSTDSGLFHGGIVSAASQQDRAKKYTNYMNSIADNPYFVGAHWFQYIDSPTTGRAWDGENYNVGFVSITDTPYVPLVEAAKKFNQDVYMLRYKK
U3PAU3,40,MSSMKKMVYIFVAVSTAVAAIPFISKATEKSFDVDEASPLMPSFVAFEDTTPAGMTWQKVEALSDEFNQSWDASKWKRSNWNYSDTPVNMVDTNSGVENGYLWISATLDDSTEESWFKTSRVHSKAKISFPMYTETRLKVAHIAAYNTFWLNNGDADNRDEIDIIEINSDPTCGENDEYPWQMNSQYFIVKNGETERNKGPWSTKKLSDANTRKGVTWNQDYHVFGAWWKDEHNVQFYLNGEPAGHVVSSQPFTLQQELIWDLWTQDSSWVCGLPEKEDLLDHKRNTMKVDWVRTWKLVSK
A0A0A0UT35,45,MKNNLLLIGCVLTSTNLLANDWDAIPLPVTPDNGKVWQLQEAYSDSFNYTGKPAAFTSKWNDTYFNSWTGPGLTYWQQDESWVSDGNLIISASRRAGTAQVNAGVITSKTKVTFPIFLEASIKVSNLELSSNFWLLSDNDEREIDVLEVYGGARDEWFAKNMSTNFHVFIRDQQTNQIISDYNDQTHNTPSWGTYWREGFHRFGVYWKSPTDVTFYIDGQQTPDGSWAQVIMKDKDYTGATLNKNTHNMDQSAYIIIDTEDHDWRSEAGNIATDADLADDSKNKMYVDWVRVYKPVNAANTNSVTSGAQIKAKHSQKCIDIKNGAMNNGSIYQQWNCNSNNENQAFELVELTNNEYAISSQLTGLCMQIANSSTSNGAGVEQWVCDHTKANQRFTLNNTGDGYFELRSSLSNKCIDIAGKLQTNGASVVQWQCYNGDNQRFQLIE
A0A0D5CVE5,45,MKKTHKNVYISSVLLLGTMLSGCTNNQLEENTPADDKTKKEHMLWDFEKPEYQPFLHHHHATTKLIEQQGDHKLQVMFAAKAHHESDIEFVNSSTWNWQALGNFAFALDIENPDKASTQLYIKTVDDNGRAQSRSVVVPAESNNTYYIELKGADLNTESGIRSNPPSWHSSYTPVLYRGGEKNIDVSKVTKVTFGTKGLLADKQLLIDNVRLIKPTNFDTEYLVGLVDEFGQNAKRDFSNKVSSTKQLLAISAQEQRQLIKSPVEGRSMFSGWQAGPKLKATGYFRTEKYQGKWSLVDPQGYLFFSTGIANVRLANTTTITGYDFDQKYIKQRAAGDLTPEDSIGLNTAPKAAWPSRYISSELRANMFNWLPDSDDHLADNYGYRREVHSGAVKKGETFSFYRANLQRKYQTRDEQTLMKKWRDTTTDRMLSWGFTSFGNWLDDDYYQQNRLPYFAHAWIIGDFKTVSSGNDYWSPLPDPFDPVFIKRADITLATVAAQVNNSPWCVGVFIDNEKSWGMMGSVNSQYGLVINTLSVDETQSPTKAEFVKLMKGKYQDIAALNASWNSNIASWHEFSSGITVKNINQQVEADFSTMLFHYANQYFAVVEQATAKHLPNHLYMGARFADWGMTPEIRNAAAAHADVVSYNYYREGLNDDFWHFLADIDKPSIIGEFHNGALDSGLLNPGLIHAESQHDRGVKYQQYMYSVIDNPYFVGAHWFQYIDSPLTGRAYDGENYNVGFVNVADIPYMPLVNAAKEVNQQLYQRRYTNNVN
A0A059XJH4,50,MKKIYHSISKVLACVSILAFSQETTAQTAVTIDFQTQRYLDQVSELDRSKFFTIHASAGKDYSDQDMAHLKDWDVKFGRSFWGAFGRYNDYISSNQVFPTDDKIISDGIKNINNTKKQAFYKHITRQLVVTDHPKSMIHMDLDTKEAGAFAAKYFKYNYEDELRPMFYEPVNEPFVHAREFMGDNYQESEVRRKTAEYFKEIGKAFDEEGIDTYVIGYSSAWPSMELWDFGHWESRMKMFMDVAGDYMDGFSTHLYDGINVTGQDTERSGSNADAILDLIETYSYIKWGTIKPHAITEYGGISQGYGDTYTDVESIQTVRSINHMIFGLMDREDRLMISIPFITGKSSWYYEANDYEPYGANLWKPVKSSVVNGVIHEYDFTEKVMFYDLWKNVSGKRVRCSSSNPDIFIQAFVDEDKAYVCLNNIATDDQDVSMQFISSVGDVEKINKRSLKIYQNEKAIYEDVDLDNQPESITLQPHETVILTYDLKNNVTFHKKAIRKEYYSKTYMQPIESNETLSFEFNDVELNTAHGEARLRMAVGRTHNLTKRPTIKVNGTKVNILSNWKGYDQANRDDFFGVIEVPIPHQLLTVNNKVDISFPDEGGTLSSIILSVNNIYDLSSRLPFKGQVFELPQKIEAEDFDLGGQGVAYYSTDNINSIGAYRINEGVNIDKNGDAFEINLKQNEWTSYSVEVPESAIYTVTVNTSTISTESQIDLIVDNEKICETIEVNNSDNALKEVKVELAKGIYPIHVLGNGDVKIDFLDFSNAELLTDDIKFTSNNSEIKTGETNNFEIEYTAANDRDIVLELWGDSFLLGQTRVNVAAGSSSINVPLDVYAEPLNYENVELVAKVVKVNSNSLNSFAETVFNEFEFDPVLSVSDDLLDEDLITVFPNPVLNNQKLGIRGENKIYRIDILNTQGQVFDSFEFQQPSLQVSLSLNNQYSRGIYLVRIYNENGSYTKKIMIQ
