id,sequence,pred_topt
0,MNILKLLSCSTCAILCTATHAADWDAYSIPASAGSGKTWQLQTVSDQFNYQAGTSNKPAAFTNRWNASYINAWLGPGDTEFSSGHSYTTGGALGLQATEKAGTNKVLAGIVSSKATFTYPLYLEAMVKPSNNTMANGVWMLSSDSTQEIDAMEAYGSDRVGQEWFDQRMHVSHHVFIREPFQDYQPKDAGSWVYNNGETYRNKFRRYGVHWKDAWNLDYYIDGVLVRSVSGPNIIDPEGYTGGTGLSKPMHILLDMEHQPWRDVKPNSAELADSNKSIFWIDWIRVYKAN,43.342366218566895
1,MYAADWDGVPIPAPAGQNKTWQIQSVSDDFNYTASANNKPNAFTSRWNDSYINAWLGPGDTEFSAGHSYTNSGKLALQAAEKTGTDKVYAGIISSKQTFTYPLYIEARAKSTNNTMANAVWMLSADSTQELDAMEAYGSDRPGQEWFDRRMHVSHHVFIREPFQDYQPKDEGSWIYNEQEPWRVSYHNYGMHWKDPWNVDYYIDGVLVRSVSGPQMIDPNNFTNGTGINKPLHIIIDMEHQDWRDVKPTSAELADPAKSIFYVDWIRVYKPVDSGASAPTPPTGATSLQARHSSKCLDLSAGNSADGTNMQQWGCSATNTNQDITFVAKGDGYYEMKTKHNKCIDVAGKETTNGANLVQWSCYNGTNPQFKLLDKGNGWFQLQAKHSGKCLEVVNSATTNGANVQQWACGNGNNQQWKFQ,52.528427839279175
2,MLKVIPWLLVTSSLVAIPTYIHATTEVVVNLNVKHSVEGKSEFERKNHIKLHSTLNDNDWQGEEDKLKYMMEELDVYFGRDNGGTVWNFNQAIEDPANIGYADPQNIIARGQAQRETNWGQNKSALHQYDGRGDLMIGGQPRAHYLGNTSPCCGGSAWQAKGGDAVGDFLGQYVNEFFRSAGDPVTKGHLAPVYFEVLNEPLYQVTDAPHELGLEQPIPPIDIFTFHNDVADAFRQHNTHIKIGGFTVAFPIFEQREFARWEERMKLFIDTSGSHMDVYSTHFYDLEDDNRFKGSRLEATLDMIDQYSLLALGETKPHVISEYGGRNRPMENAPWSALRDWWFLKTASPMLMQFLSRPDSVLTSIPFVPIKALWGTAADGTPYNWRLLRQQKEAPNETGENWVFTEMVKFYQLWSDVKGTRVDTFSTNSDFLIDSYVQNDKAYVLISNLTEQAEKIVVHKYGAPASSQPTTRIKHLYLKGAAPRLMKQVMRQISKKSRLLLKRLW,45.343934297561646
3,MSSALALAFSSAPVQAIYTPWEGSFHQYPDSYYDVDGQLVEEAYEEPEQVPGNGLSPWDPADAIKRTSPEHQNYPLSDLANQGGWTMVEELSDEFDSPQFNEYNLMGKENGKWLPNNHIWGGRAPAVFAPKNVKQEGGKLHLSIANDESYTPHGFWNEWYYGWTSASVQNVNPIRYGYFEVKSKVGIGSSGFWLYAETLEDKEYLSQFNEPGHVKSKLELDVYEQSGRRSEWAPYYNMNSWVFIHQGEEMSYVSEEGNEYTAYQNGGHWKADIDFADDFHVYGFYWGPEEIIWYFDGKPIRSMKNRYYHTPLYLLLDTETMPDWFGMPSANELDFAHQIEYVRVWTNDETEQNWRGRYFMDPTIKTGDGLNGKPGENRVAAEYGGTEAYREKWGNPVSGSPEVVTLQGIAAKQSHSEIQSDIPYVLVPQFTPSNVTDKQMNWLSSDPSIADINRSGMVSAKAAGSVTFTGSHADLPNQTISVTADILQIGKRFDLELVNYGATGKEGDEVENDNVYGWGVGNGVVTFNTRGDYGDFFDVDFGSGGTYMAGISAGTDIASGIGATIFIDGVEVLSGDIDSSGNWNVNKRTDLAGSFEVEPGTHTVRIMSSGSSGWQWNGARAHFVQVLEGDVDPGDGGTDPGDGGTDPGDGGTDPGDGGTDPGDGGTDPGDGGTDPGDGGTDPGDGGTDPGDGSTDPTAVTLQAQSFVATGGANGGFEVYDIAGGQGINFNQTGDYADYTVNLAAGSYSVSLYAATPMNDAGVELILNGESIAVSSISPTGGWDNFQSSVIAANLVVATGGEQALRLISVGADNAWQWNADKLVFTPNSGNGATNPDPTPGEVVISVEAESFADTGGSYDGFQVYAINGGSAINFNQAGDYADYLVTIEQAGTYSMSIEAGTNLANTGIEVWVDGESQASSAITNTGSWDVFASNLVSNNISLSEGQHTIRIMGVGEAGSWQWNADKFTLTKQ,48.348519802093506
4,MLKRHQASRKVSSSLVALLKPSAIAVLATVALASGANAANYTASNASQLSARLQDAANNGTGVDVITIQGSIFTDQQIDIQTPVTIQGAAGFRVSRIIRTSDDGFQPLFNIQSSNVTIRNLLLIDEKGQNTNTQVASEAGNDHSNARLINIPYEDAYQQIANITIENNTFENTAVGVASSGLIPRNLSITNNDFIKVNRSVELLRDVGRVYNVWNVSANNVVLNGGTLNISNNRIRGNRVRLGISVDAGNDGVYVPPSFTNIPFFDAAARAQFSDKPVVFANGSQVNSNTVEGANEFGIALATVANVTVAGNTVSTTEDDINSSDDIENNFTAGINVEHNSRDIVVDSNTITVGASGNFATGINVLAFQDHHAPLNHAQASSNITLVRNIFKGTGENTILAFGFSNLVVEDNNASQFTTRNPYQVTASFYNVPCGLSTSTARGTNNNIRYNQSSFNGTGNAPQYYDKNGNVVSGYTCQ,37.34274744987488
5,MKIKFLSAAIAASLALPLSAATLVTSFEEADYSSSENNAEFLEVSGDATSEVSTEQATDGNQSIKASFDAAFKPMVVWNWASWNWGAEDVMSVDVVNPNDTDVTFAIKLIDSDILPDWVDESQTSLDYFTVSANTTQTFSFNLNGGNEFQTHGENFSKDKVIGVQFMLSENDPQVLYFDNIMVDGETVTPPPSDGAVNTQTAPVATLAQIEDFETIPDYLRPDGGVNVSTTTEIVTKGAAAMAAEFTAGWNGLVFAGTWNWAELGEHTAVAVDVSNNSDSNIWLYSRIEDVNSQGETATRGVLVKAGESKTIYTSLNDNPSLLTQDERVSALGLRDIPADPMSAQNGWGDFVALDKSQITAIRYFIGELASGETSQTLVFDNMRVIKDLNHESAYAEMTDAMGQNNLVTYAGKVASKEELAKLSDPEMAALGELTNRNMYGGNPDSSPATDCVLATPASFNACKDADGNWQLVDPAGNAFFSTGVDNIRLQDTYTMTGVSSDAESESALRQSMFTEIPSDYVNENYGPVHSGPVSQGQAVSFYANNLITRHASEDVWRDITVKRMKDWGFNTLGNWTDPALYANGDVPYVANGWSTSGADRLPVKQIGSGYWGPLPDPWDANFATNAATMAAEIKAQVEGNEEYLVGIFVDNEMSWGNVTDVEGSRYAQTLAVFNTDGTDATTSPAKNSFIWFLENQRYTGGIADLNAAWGTDYASWDATSPAQELAYVAGMEADMQFLAWQFAFQYFNTVNTALKAELPNHLYLGSRFADWGRTPDVVSAAAAVVDVMSYNIYKDSIAAADWDADALSQIEAIDKPVIIGEFHFGALDSGSFAEGVVNATSQQDRADKMVSFYESVNAHKNFVGAHWFQYIDSPLTGRAWDGENYNVGFVSNTDTPYTLMTDAAREFNCGMYGTDCSSLSNATEAASRAGELYTGTNIGVSHSGPEAPDPGEPVDPPIDPPTPPTGGVTGGGGSAGWLSLLGLAGVFLLRRRKV,45.10612607002258
6,MKGFTKHSILMACSIGLAINATAADWDNIPIPAELDAGQSWELQQNYSDSFNYSGKNSTFTGKWKDSYFHSWTGPGLTHWSSDESWVGDGNLIISASRRQGTNKVNAGVITSKTKVKYPIFLEASIKVSNLELSSNFWLLSENDQREIDVLEVYGGARQDWYAKNMSTNFHVFFRNNDNSIKNDYNDQTHFTPTWGNYWRDGFHRFGVYWKSPTDVTFYIDGQKTTKGAWSQVVMKDKDYTGAILDKSRYNMDQEAFIIIDTEDHSWRSEAGHIATDADLADSDKNKMYVDWIRVYKPTGGSTTPPTGDITPPSGYTNLQLAHSNRCVDVINGALWNGSTYQQYSCNTGNNNQRFKFTKIANNQYSINAKVSQLCMELASGSSANGAKVQQWICNHANSNQTWSLEDKGSNTFEIRNKQSGKCLEVANSSNANGGQIRQWACTGATNQRFKFL,45.01461982727051
7,MKSIIKTLTLLPIFLTSTTLMAEDWREIPIPAPLEDGQSWELQEAYSDSFNYTGKGDSFRSKWNDTYFHGWTGPGLTYWQSDESWVDDGNLIISASRRQGTEMVNAGVVTSKTKVKYPIFLEANIKVSGLELSSNFWLLSENDQREIDVLEVYGGAEDEWFAKNMSTNFHVFFRNEDNSIRSDFNDQTHNEPQWGTYWRDGFHRFAVYWKSPTEVTFYINGIETPKGSWEDVVMKDKDYTGAILDKSTYNMDQEMFIIIDTEDHSWRSEAGIIAKDEDLADDSKNKMYVDWIRVYKPVGGDDNGNVTVPSGYTNTQFVHSDLCLDVKDGATWNGSTYQQWVCNTGNLNQRFGFEEVATGEYLIKSKRSQLCLELKPGSNQWQDGAIIQQYVCNSAEENQRWTLFDKGSQTFEIRSKATGKCLELADNQGSNGGTVQQWSCDGGNNQRLKFIQ,50.87890863418579
8,MLKRHQASRKVSSSLVALLKPSAIAVLATVALASGANAANYTASNASQLSARLQDAANNGTGVDVITIQGSIFTDQQIDIQTPVTIQGAAGFRVSRIIRTSDDGFQPLFNIQSSNVTIRNLLLIDEKGQNTNTQVASEAGNDHSNARLINIPYEDAYQQIANITIENNTFENTAVGVASSGLIPRNLSITNNDFIKVNRSVELLRDVGRVYNVWNVSANNVVLNGGTLNISNNRIRGNRVRLGISVDAGNDGVYVPPSFTNIPFFDAAARAQFSDKPVVFANGSQVNSNTVEGANEFGIALATVANVTVAGNTVSTTEDDINSSDDIENNFTAGINVEHNSRDIVVDSNTITVGASGNFATGINVLAFQDHHAPLNHAQASSNITLVRNIFKGTGENTILAFGFSNLVVEDNNASQFTTRNPYQVTASFYNVPCGLSTSTARGTNNNIRYNQSSFNGTGNAPQYYDKNGNVVSGYTCQ,37.34274744987488
9,MKGFTKHPLLLACGLGLSLSTYAADWDNIPIPAELDPGQSWELQESYSDSFNYSGKPSSFTSKWKDAYFHNWTGPGLTYWSSDESWVGDGNLIISASRRQGTNQVNAGVVTSKTKVKYPIFLEANIKVSNLELSSNFWLLSENDQREIDVLEVYGGARQDWFAKNMSTNFHVFFRNNDNSISSDFNDQTHNTPTWGNYWREGFHRFGVYWKSPTEVTFYINGQKTTKGAWSQVVMKDKDYTGAILDKSRYNMDQEMFIILDTEDHSWRSEAGHIATDADLADGDKNKMYVDWIRVYKPTGGSTTPPTGGITPPSGYTNLQVAHSNLCLDVKSGALWNGSTYQQWSCNTGNNNQRFQFTALGNNEYSISAKVSQLCMELASGSSADGAKVQQWVCNHANTSQVWSLVDKGSNTFEIRNKQSGKCLEIANNSGANGADLRQWSCDGGTNQRFKFQ,46.78576469421387
10,MAARLCCQLDPARDVLCLRPVGAESRGRPISGPFGTLPSPSSSAVPTDHGAHLSLRGLPVCAFSSAGPCALRFTSARRMETTVNARQVLPKVLHKRTLGLSAMSTTDLEAYFKDCVFKDWEELGEEFRLKVFVLGGCRHKLV,29.78424310684204
11,MKIKFLSAAIAASLALPLSAATLVTSFEEADYSSSENNAEFLEVSGDATSEVSTEQATDGNQSIKASFDAAFKPMVVWNWGSWNWGAEDVMSVDVVNPNDTDVTFAIKLIDSDILPDWVDESQTSLDYFTVSANTTQTFSFNLNGGNEFQTHGENFSKDKVIGVRFMLSENDPQVLYFDNIMVDGETVTPPPSDGAVNTQTAPVATLAQIEDFETIPDYLRPDGGVNVSTTTEIVTKGAAAMAAEFTAGWNGLVFAGTWNWAELGEHTAVAVDVSNTSDSNIWLYSRIEDVNSQGETATRGVLVKAGESKTIYTSLNDNPSLLTQDERVSALGLRDIPADPMSAQNDWGDFVALDKSQITAIRYFIGELASGETSQTLVFDNMRVIKDLNHESAYAEMADAMGQNNLVTYAGKVASKEELAKLSDPEMAVLGELTNRNMYGGNPDSSPATDCVLVTPASFNACKDADGNWQLVDPAGNAFFSTGVDNIRLQDTYTMTGVSSDAESESALRQSMFTEIPSDYVNENYGPVHSGPVSQGQAVSFYANNLITRHASEDVWRDITVKRMKDWGFNTLGNWTDPALYANGSVPYVANGWSTSGADRLPVKQIGSGYWGPLPDPWDANFATNAATMAAEIKAQVEGNEEYLVGIFVDNEMSWGNVTDVEGSRYAQTLAVFNTDGTDATTSPAKNSFIWFLENQRYTGGIADLNAAWGTDYASWDAMRPAQELAYVAGMEADMQFLAWQFAFQYFNTVNTALKAELPNHLYLGSRFADWGRTPDVVSAAAAVVDVMSYNIYKDSIAAADWDADALSQIEAIDKPVIIGEFHFGALDSGSFAEGVVNATSQQDRADKMVKFFESVNAHKNFVGAHWFQYIDSPLTGRAWDGENYNVGFVSNTDTPYTLMTDAAREFNCGMYGTDCSSLSNATEAASRAGELYTGTNIGVSHSGPEAPDPGEPVDPPIDPPTPPTGGVTGGGGSAGWLSLLGLAGVFLLRRRKV,44.67694044113159
12,MYCSFYWLSNNYVKERRISVRFNKNTIALAIIANTLAAGSIAATKTPDTSNNETTQQDMSSSVQPVVMTDDGFLSKTANTHTSYNVAGENLEIVFDAISESEANSKWPNMKFRPESGSYDWNTKGGLQLTLENPGDREVRIEMKVADNIGIMGATTHQLDLPIYLPAGKTTTVDFLFNGAEMNIEGYRGGSELDLRNIAEFQFYAVGPIGEQKVVVHDIDFIEHTGDFVLSEARQGQVIEAQIPAILTVTDFESGVEGIVERHSGSNVDIVKSDTGSAIKVHYTTDDDYPTIKFSAGKDGQAWDWSKYGDVALAFDAKNIGDSGMQLFVRVDDALDEKLGGTATGAVNSRTGYVQIPANSEDKYYFTFKDLAEGLDSGMRGEPPKKSFSASQVVFGWGESELDLSNIVSVQLYMMNPQEEATLVIDNLSLIPNLSTDTTRYANLLDEFGQYQEETWPEKITDLDQLKAQAKVDKKLLKNASLMSDRSKFGGWAKGPKLEATGYFRTEKVNDKWALVDPEGYLYFATGVDNIRMDDSYTVTGMDFADAVEADTKGMRPSQVAAERYIDDKRERVEASTHRRGMFDWLPDFNDPLADNYSYTQMVHKGPLKHGEVFSFYSANLQRKYDTDSAQGAIEIWKDVTLARMQNWGFTTFGNWSDPMYRKNGKVPYTAHGWITGDHQRVSTGNDYWGAMHDPFDTNFRVSVAIMAKELGEEVDNDPWCIGYFVDNELSWGNTVNNTNHYALAISGLRASTKESSAKAAFDALLKAKYGSIKKFNAAWGVDVASWDAFAKGFNYQGEYTETVKADLSVLLDAFADKYFAVVSEEMEKVLPNHLYMGVRFSDWGITPEAATAAARYVDVMSYNLYATDLNAKGDWSRLPELDKPSIIGEFHFGSTDSGLFHPGIISSDNQQGRAQSYAKYMESVVDNPYFVGAHWFQYMDSPVTGRAWDGENYNVGFVSVTDTPYEPLVKSAKEINRNLYNRRFGSINK,40.716623067855835
13,MKNFYLILLLSFNLGHLVNAQEWSNIPVPAYAGPGNTWELQSNLSDDFNYNFNAVNYKSNFGNGKWYNFYHNGWDGPGTTYWTYNKVKVDGDNLVITVAKSNNTSKMGIPGVFSGCVTSNNRVVYPVYVESAISVANISLASCFWLLSPDDTQEIDIIENYGNVPWFKQFTHISHHSFIRTPFTDYQPKDWNSWYNDNRVTANYGWGDWCWNNGNRRYMRMGVYWVGPKHFEYYIDGQLVRVMYHNATATKVNGTWEYQYFNAMNGQFPANNANGYTAVTTYATGSVYNFSTIQAASNNSNGISVIDPGNFQGGAGFTKAMDIIINVESQQWLALNHTPSDADLASSARNQMKVDWVRVYKPKSSSGDGSNGTTCADAPDYNGNSNSYSAGQYVINGGILYRKRSDGQWDWIANCNSSSRVSELVIEDIPEAQIALSPNPAKGFVKISGLGEGSFQAEIVTMQGQILSTQTVSRATNTLSTADLSPGVYIIKVAGEAQKLIVR,40.406198501586914
14,MKTTQCALAALVFSTPLMAADWDGTPVPADAGPGNTWELHPLSDDFNYSAPASGKSATFFERWSEGFINPWLGPGETEYYGPNSSVESGNLVIKASRKAGTTKIHAGAIHSNESVTYPLYMEARVQVTNLTMANAFWLLSSDSTQEIDVLESYGSDRPSETWFDERLHLSHHVFIREPFQDYQPKDDGSWYPNPNGGTWRDQWIRIGTYWVDPWTLEYYVNGEHVRTVTGPSMIDPYGYTGGTGLSKPMQVIFDAEHQPWRDTQGTAPPTDEELADPSRNKFLVDWVRFYKPVPDTNGGGPGNGSISVEKEAEDFDNVGGYFSDGQSQAISTYTTGATTAINYVNREDYADYTVTVPEDRIYNITYNISSGITGGRIDFLVNESGTWSNKTQTAVPNAGWNNFQPLSGGTVYLEAGTHTVRLYGAGTHDWQWNLDKFTLSN,51.643288135528564
15,MKQLKLLIGSTLFMSITSVQAADWSPFSIPAQAGAGKSWQLQSVSDEFNYIAQPNNKPAAFNNRWNASYINAWLGPGDTEFSAGHSYTTGGALGLQATEKAGTNKVLSGIISSKATFTYPLYLEAMVKPTNNTMANAVWMLSADSTQEIDAMESYGSDRIGQEWFDQRMHVSHHVFIRDPFQDYQPKDAGSWVYNNGETYRNKFRRYGVHWKDAWNLDYYIDGVLVRSVSGPNIIDPENYTNGTGLNKPMHIILDMEHQPWRDVKPNASELADPNKSIFWVDWLRVYKAQ,47.029534578323364
16,MRKITSILLTCVMGCTATYAADWDGVPVPANPGSGKTWELHPLSDDFNYEAPAAGKSTRFYERWKEGFINPWTGPGLTEWHPHYSYVSGGKLAITSGRKPGTNQVYLGSITSKAPLTYPVYMEARAKLSNMVLASDFWFLSADSTEEIDVIEAYGSDRPGQEWYAERLHLSHHVFIRDPFQDYQPTDAGSWYADGKGTKWRDAFHRVGVYWRDPWHLEYYVDGKLVRTVSGQDIIDPNGFTGGTGLSKPMYAIINMEDQNWRSDNGITPTDAELADPNRNTYYVDWVRFYKPVPINGNATTVELGNFHNTGKDGANVTGDTVLGFNKNGNNINYNTKGDWADYTVNLPAAGEYRVDLVIASPMSSGLGAELTFAGNAAKTVTLSNTGGWESYQTFTLPQTISVSSPGNYNFRLKSTGSSNWQWNGDEIRFVKL,60.43562650680542
17,MKNIYLILLLSFNLGHLVNAQEWSNIPVPAYAGPGNTWELQSNLSDDFNYNFNAVNYKSNFGNGKWYNFYHNGWDGPGTTYWTYNKVKVDGDNLVITVAKSNNTSKMGIPGVFSGCVTSNNRVVYPVYVESAISVANISLASCFWLLSPDDTQEIDIIENYGNVPWFKQFTHISHHSFIRTPFTDYQPKDWNSWYNDNRVTANYGWGDWCWNNGNRRYMRMGVYWVGPKHFEYYIDGQLVRVMYHNATATKVNGTWEYQYFNSMNGQFPANNASGYTAVTTYATSTNYNFSTIQAASNNSNGISVIDPGNFQGGAGFTKAMDIIINVESQQWLALNHTPSDADLASSARNQMKVDWVRVYKPKSSSGGGSNGTTCADAPDYNGNSNSYTAGQYVINGGILYRKRSDGQWDWIANCNSSSRVSELVIEDIPEAQIALSPNPAKGFVKISGLGEGSYQAEIVTMQGQILSTQTVSRATNTLSTADLSPGVYIIKVAGEAQKLIVH,52.36034631729126
18,MLKRHQASRKVSSSLVALLKPSAIAVLATVALASGANAANYTASNASQLSARLQDAANNGTGVDVITIQGSIFTDQQIDIQTPVTIQGAAGFRVSRIIRTSDDGFQPLFNIQSSNVTIRNLLLIDEKGQNTNTQVASEAGNDHSNARLINIPYEDAYQQIANITIENNTFENTAVGVASSGLIPRNLSITNNDFIKVNRSVELLRDVGRVYNVWNVSANNVVLNGGTLNISNNRIRGNRVRLGISVDAGNDGVYVPPSFTNIPFFDAAARAQFSDKPVVFANGSQVNSNTVEGANEFGIALATVANVTVAGNTVSTTEDDINSSDDIENNFTAGINVEHNSRDIVVDSNTITVGASGNFATGINVLAFQDHHAPLNHAQASSNITLVRNIFKGTGENTILAFGFSNLVVEDNNASQFTTRNPYQVTASFYNVPCGLSTSTARGTNNNIRYNQSSFNGTGNAPQYYDKNGNVVSGYTCQ,44.27147626876831
19,MVNRRDLIKWSAVALGAGAGLAGPAPAAHAADLEWEQYPVPAAPGGNRSWQLLPSHSDDFNYTGKPQTFRGRWLDQHKDGWSGPANSLYSARHSWVADGNLIVEGRRAPDGRVYCGYVTSRTPVEYPLYTEVLMRVSGLKLSSNFWLLSRDDVNEIDVIECYGNESLHGKHMNTAYHIFQRNPFTELARSQKGYFADGSYGYNGETGQVFGDGAGQPLLRNGFHRYGVHWISATEFDFYFNGRLVRRLNRSNDLRDPRSRFFDQPMHLILNTESHQWRVDRGIEPTDAELADPSINNIYYRWVRTYQAV,59.352089166641235
20,MKKNYLLLYFIFLLCGSIAAQDWNGIPVPANPGNGMTWQLQDNVSDSFNYTSSEGNRPTAFTSKWKPSYINGWTGPGSTIFNAPQAWTNGSQLAIQAQPAGNGKSYNGIITSKNKIQYPVYMEIKAKIMDQVLANAFWTLTDDETQEIDIMEGYGSDRGGTWFAQRMHLSHHTFIRNPFTDYQPMGDATWYYNGGTPWRSAYHRYGCYWKDPFTLEYYIDGVKVRTVTRAEIDPNNHLGGTGLNQATNIIIDCENQTDWRPAATQEELADDSKNIFWVDWIRVYKPVAVSGGGNNGNDGATEFQYDLGTDTSAVWPGYTRVSNTTRAGNFGWANTNDIGSRDRGASNGRNNINRDINFSSQTRFFTQDLSNGTYNVLITFGDTYARKNMNVAAEGQNKLTNINTNAGQYVSRSFDVNVNDGKLDLRFSVGNGGDVWSITRIWIRKVTSNSANLLAAKGLTLEDPVETTEFLYPNPAKTDDFVTVPNSEIGSSIIIYNSAGQVVKKVSVVSENQKISLEGFAKGMYFINLNGQSTKLIVQ,40.86920142173767
21,MYLIYLRLVFCCALLLGCGDNSKFDSATDLPVEQEQEQETEQEGEPEESSEQDLVEEVDWKDIPVPADAGPNMKWEFQEISDNFEYEAPADNKGSEFLEKWDDFYHNAWAGPGLTEWKRDRSYVADGELKMWATRKPGSDKINMGCITSKTRVVYPVYIEARAKVMNSTLASDVWLLSADDTQEIDILEAYGADYSESAGKDHSYFSKKVHISHHVFIRDPFQDYQPKDAGSWFEDGTVWNKEFHRFGVYWRDPWHLEYYIDGVLVRTVSGKDIIDPKHFTNTTDPGNTEIDTRTGLNKEMDIIINTEDQTWRSSPASGLQSNTYTPTDNELSNIENNTFGVDWIRIYKPVEK,51.96812152862549
22,MGAIGGLVKINISFIPLFVISASIFIGACNSSKLESGVDSNNISPVMLFDFENDQVPSNIHFLNARASIETYTGINGEPSKGLKLAMQSKQHSYTGLAIVPEQPWDWSEFTSASLYFDIVSVGDHSTQFYLDVTDQNGAVFTRSIDIPVGKMQSYYAKLSGHDLEVPDSGDVNDLNLASGLRSNPPTWTSDDRQFVWMWGVKNLDLSGIAKISLSVQSAMHDKTVIIDNIRIQPNPPQDENFLVGLVDEFGQNAKVDYKGKIHSLEELHAARDVELAELDGKPMPSRSKFGGWLAGPKLKATGYFRTEKINGKWMLVDPEGYPYFATGLDIIRLSNSSTMTGYDYDQATVAQRSADDVTPEDSKGLMAVSEKSFATRHLASPTRAAMFNWLPDYDHPLANHYNYRRSAHSGPLKRGEAYSFYSANLERKYGETYPGSYLDKWREVTVDRMLNWGFTSLGNWTDPAYYDNNRIPFFANGWVIGDFKTVSSGADFWGAMPDVFDPEFKVRAMETARVVSEEIKNSPWCVGVFIDNEKSFGRPDSDKAQYGIPIHTLGRPSEGVPTRQAFSKLLKAKYKTIAALNNAWGLKLSSWAEFDLGVDVKALPVTDTLRADYSMLLSAYADQYFKVVHGAVEHYMPNHLYLGARFPDWGMPMEVVKAAAKYADVVSYNSYKEGLPKQKWAFLAELDKPSIIGEFHIGAMDHGSYHPGLIHAASQADRGEMYKDYMQSVIDNPYFVGAHWFQYMDSPLTGRAYDGENYNVGFVDVTDTPYQEMVDAAKEVNAKIYTERLGSK,35.89541673660278
23,MKIKFLSAAIAASLALPLSAATLVTSFEEADYSSSENNTEFLEVSGDATSEVSTEQATDGNQSIKASFDAAFKPMVVWNWGSWNWGAEDVMSVDVVNPNDTDVTFAIKLIDSDILPDWVDESQTSLDYFTVSANTTQTFSFNLNGGNEFQTHGENFSKDKVIGVQFMLSENDPQVLYFDNIMVDGETVTPPPSDGAVNTQTAPVATLAQIEDFETIPDYLRPDGGVNVSTTTEIVTKGAAAMAAEFTAGWNGLVFAGTWNWAELGEHTAVAVDVSNTSDSNIWLYSRIEDVNSQGETATRGVLVKAGESKTIYTSLNDNPSLLTQDERVSALGLRDIPADPMSAQNGWGDFVALDKSQITAIRYFIGELASGETSQTLVFDNMRVIKDLNHESAYAEMTDAMGQNNLVTYAGKVASKEELAKLSDPEMAALGELTNRNMYGGNPDSSPATDCVLATPASFNACKDADGNWQLVDPAGNAFFSTGVDNIRLQDTYTMTGVSSDAESESALRQSMFTEIPSDYVNENYGPVHSGPVSQGQAVSFYANNLITRHASEDVWRDITVKRMKDWGFNTLGNWTDPALYANGDVPYVANGWSTSGADRLPVKQIGSGYWGPLPDPWDANFATNAATMAAEIKAQVEGNEEYLVGIFVDNEMSWGNVTDVEGSRYAQTLAVFNTDGTDATTSPAKNSFIWFLENQRYTGGIADLNAAWGTDYASWDAMRPAQELAYVAGMEADMQFLAWQFAFQYFNTVNTALKAELPNHLYLGSRFADWGRTPDVVSAAAAVVDVMSYNIYKDSIAAADWDADALSQIEAIDKPVIIGEFHFGALDSGSFAEGVVNATSQQDRADKMVSFYESVNAHKNFVGAHWFQYIDSPLTGRAWDGENYNVGFVSNTDTPYTLMTDAAREFNCGMYGTDCSSLSNATEAASRAGELYTGTNIGVSHSGPEAPDPGEPVDPPIDPPTPPTGGVTGGGGSAGWLSLLGLAGVFLLRRRKV,44.92142915725708
24,MVEVMKFTKNKIAALLSLTLLGVYGCGSTPSSSDAEGAVEDVGGTIPDFESAAFFKKVKKDHRKAEVVSDQGVTSGSSALKVNFDSVSEANKFKYWPNVKVHPDSGFWNWNAKGSLSLDITNPTDSPANIILKLADNVGVMGSGDNQLNYAVNVPAGETVPVEMLFNGTKRKLDGYWGGEKINLRNIVEFQIFVQGPMDAQTVIIDNFNLVDATGDFIEASGQEVKVSGPIPTVASITSFDEGQPTFVAFDRSAAATVTELKTDMGGLLAVKLAATNAYPNITFKAPQPWDWSEYGDFSLAFDLESKADEPLQLFVRVDDAENENWGGTANGVVDSMSSYVTLAPGDDGTFYLPLGQTGSQIVSGMRAEPPKKSYNAQAISYGWGEKSLDTSNIVSFQLYLQNPTKDAEFNIKSVRLIPNIDADATRYEGLIDQYGQFTGSEWPKKITEDEELETMGKLAKMSLKSTSQMPGRSIYGGWADGPKLKGTGFFRTEKVDGKWSLVDPQGNLFFATGVDNIRMDDTVTITGHDFADKDKRSGKEVASEVRRSMFTWLPEDDDVLAENYDYANWVHSGALKKGEVFSFYGANLQRKYGGTFSEAEKVWKDITIDRMVDWGFTTLGNWADPMFYDNKKVAYVANGWIFGDHARISTGNDYWGPIHDPFDPEFVNSVKAMTKKLMTEVDKNDPWMMGVFVDNEISWGNTKNDANHYGLVVNALSYDMKKSPAKAAFTEHLKEKYWAIEDLNTSWGVKVASWAEFEKSFDHRSRLSKNMKKDYAEMLEMLSAKYFSTVRAELKKVLPNHLYLGAPFADWGVTPEIAKGAAPYVDVMSYNLYAEDLNSKGDWSKLAELDKPSIIGEFHFGSTDSGLFHGGIVSAASQQDRAKKYTNYMNSIADNPYFVGAHWFQYIDSPTTGRAWDGENYNVGFVSITDTPYVPLVEAAKKFNQDVYMLRYKK,42.918949127197266
25,MKNNLLLIGCVLTSTNLMANDWDAIPLPVAPDNGKVWQLQEEYSDSFNYTGKPAAFTSKWNDTYFNSWTGPGLTYWQRDESWVSDGNLIISASRRAGTDQVNAGVITSKTKVTFPIFLEASIKVSNLELSSNFWLLSDNDEREIDVLEVYGGARDEWFARNMSTNFHVFIRDQQTNQIISDYNDQTHNTPSWGTYWREGFHRFGVYWKSPTDVTFYIDGQQTPDGSWAQVVMKDKDYTGATLNKNTHNMDQSAYIIIDTEDHDWRSEAGNIATDADLADDSKNKMYVDWVRVYKPVNAANTSSVTSGAQIKAKHSQKCIDIKNGAMNNGSTYQQWNCNSNNENQAFELVELTNNEYAISSQLTGLCMQIANSSTSNGAGVEQWVCDHTKANQRFTLNNTGDGYFELRSSLSNKCIDIAGKLQTNGASVVQWQCYNGDNQRFQLIE,42.437013387680054
26,MHNKMSKLWFASAISCLAILGCSQQASNDNNGVIDELVNFSSQTTLDQNIALYNASTEYNAETRSLKVNFNTSEHAYSSISFVSEAGWDWSDLNDFNIAFDIANEGEHSTQVYLDITDGNGDNYTRSVSIPVGATKTYYAKMAGHDLQTPDGDEDVELNFMSGLRSNPDTWQSDEVNFISLWGKKNLDVSNIKRIAFSVQSALYDKAITFSKVQIRQNPAMDETFLTGIVDQYGQNAKQEFVGKIHNDQELLAARDEELSALKNGYDAETRTKFGGWKNGPRQEATGYFRTEKINGKWSLVDPLGYPYFATGLDIIRLSNTSTMTGYDFDQGLINQRKASDLTPEDSQKLNRVSNEAAKTRYVASDLRKDLFTWLPSYDEPLGKHYGYRRSAHSGPLSHGETFSFYSANLERKYADINPDFMEVWKDVTIRRMQTWGFTSFGNWTDPMFYQNDRVPYFANGWIIGNYKKVSSGNDFWAPLPDVFDPLFEERAIVTVKQVAAEVQNNPWCVGVFIDNEMSFGRPDSVASHYGIVLNTLARDGKDVPTKAEFTRVMKEKYQDIAALNKAWGTDIASWDAFNQGVEGNVESEGQLADFSILLTTYADKYFAIVNKALKEHMPNHLYLGARFPDWGMPIEVVKASAKHVDVISFNVYKEGLIKSKWDFLKEIDMPSIVGEWHIGASDSGLFHPGLIHAADQADRAKMYKDYMHSVIDNDYFVGAHWFQYMDSPITGRAYDGENYNVGFISVTDQPYKPIVQAASEVNEAMYNRRFKAQ,36.29406452178955
27,MVEVMKFTKNKIAALLSLTLLGVYGCGSTPSSSDAEGAVEDVGGTIPDFESAAFFKKVKKDHAKAEVVSDQGVTSGSSALKVNFDSVSEANKFKYWPNVKVHPDSGFWNWNAKGSLSLDITNPTDSPANIILKLADNVGVMGSGDNQLNYAVNVPAGETVPVEMLFNGTKRKLDGYWGGEKINLRNIVEFQIFVQGPMDAQTVIIDNFNLVDATGDFIEASGQEVKVSGPIPTVASITSFDEGQPTFVAFDRSAAATVTELKTDMGGLLAVKLAATNAYPNITFKAPQPWDWSEYGDFSLAFDLESKTDEPLQLFVRVDDAENENWGGTANGVVDSMSSYVTLAPGDDGTFYLPLGQTGSQIVSGMRAEPPKKSYNAQAISYGWGEKSLDTSNIVSFQLYLQNPTKDAEFNIKSVRLIPNIDADATRYEGLIDQYGQFTGSEWPKKISEDEELETMGKLAKMSLKSTSQMPGRSIYGGWADGPKLKGTGFFRTEKVDGKWSLVDPQGNLFFATGVDNIRMDDTVTITGHDFADKDKRSGKEVASEVRRSMFTWLPEDDDVLAENYDYANWVHSGALKKGEVFSFYGANLQRKYGGTFSEAEKVWKDITIDRMVDWGFTTLGNWADPMFYDNKKVAYVANGWIFGDHARISTGNDYWGPIHDPFDPEFVNSVKAMTKKLMTEVDKNDPWMMGVFVDNEISWGNTKNDANHYGLVVNALSYDMKKSPAKAAFTEHLKEKYWAIEDLNTSWGVKVASWAEFEKSFDHRSRLSKNMKKDYAEMLEMLSAKYFSTVRAELKKVLPNHLYLGARFADWGVTPEIAKGAAPYVDVMSYNLYAEDLNSKGDWSKLAELDKPSIIGEFHFGSTDSGLFHGGIVSAASQQDRAKKYTNYMNSIADNPYFVGAHWFQYIDSPTTGRAWDGENYNVGFVSITDTPYVPLVEAAKKFNQDVYMLRYKK,42.62125253677368
28,MSSMKKMVYIFVAVSTAVAAIPFISKATEKSFDVDEASPLMPSFVAFEDTTPAGMTWQKVEALSDEFNQSWDASKWKRSNWNYSDTPVNMVDTNSGVENGYLWISATLDDSTEESWFKTSRVHSKAKISFPMYTETRLKVAHIAAYNTFWLNNGDADNRDEIDIIEINSDPTCGENDEYPWQMNSQYFIVKNGETERNKGPWSTKKLSDANTRKGVTWNQDYHVFGAWWKDEHNVQFYLNGEPAGHVVSSQPFTLQQELIWDLWTQDSSWVCGLPEKEDLLDHKRNTMKVDWVRTWKLVSK,42.3755156993866
29,MKNNLLLIGCVLTSTNLLANDWDAIPLPVTPDNGKVWQLQEAYSDSFNYTGKPAAFTSKWNDTYFNSWTGPGLTYWQQDESWVSDGNLIISASRRAGTAQVNAGVITSKTKVTFPIFLEASIKVSNLELSSNFWLLSDNDEREIDVLEVYGGARDEWFAKNMSTNFHVFIRDQQTNQIISDYNDQTHNTPSWGTYWREGFHRFGVYWKSPTDVTFYIDGQQTPDGSWAQVIMKDKDYTGATLNKNTHNMDQSAYIIIDTEDHDWRSEAGNIATDADLADDSKNKMYVDWVRVYKPVNAANTNSVTSGAQIKAKHSQKCIDIKNGAMNNGSIYQQWNCNSNNENQAFELVELTNNEYAISSQLTGLCMQIANSSTSNGAGVEQWVCDHTKANQRFTLNNTGDGYFELRSSLSNKCIDIAGKLQTNGASVVQWQCYNGDNQRFQLIE,41.738741397857666
30,MKKTHKNVYISSVLLLGTMLSGCTNNQLEENTPADDKTKKEHMLWDFEKPEYQPFLHHHHATTKLIEQQGDHKLQVMFAAKAHHESDIEFVNSSTWNWQALGNFAFALDIENPDKASTQLYIKTVDDNGRAQSRSVVVPAESNNTYYIELKGADLNTESGIRSNPPSWHSSYTPVLYRGGEKNIDVSKVTKVTFGTKGLLADKQLLIDNVRLIKPTNFDTEYLVGLVDEFGQNAKRDFSNKVSSTKQLLAISAQEQRQLIKSPVEGRSMFSGWQAGPKLKATGYFRTEKYQGKWSLVDPQGYLFFSTGIANVRLANTTTITGYDFDQKYIKQRAAGDLTPEDSIGLNTAPKAAWPSRYISSELRANMFNWLPDSDDHLADNYGYRREVHSGAVKKGETFSFYRANLQRKYQTRDEQTLMKKWRDTTTDRMLSWGFTSFGNWLDDDYYQQNRLPYFAHAWIIGDFKTVSSGNDYWSPLPDPFDPVFIKRADITLATVAAQVNNSPWCVGVFIDNEKSWGMMGSVNSQYGLVINTLSVDETQSPTKAEFVKLMKGKYQDIAALNASWNSNIASWHEFSSGITVKNINQQVEADFSTMLFHYANQYFAVVEQATAKHLPNHLYMGARFADWGMTPEIRNAAAAHADVVSYNYYREGLNDDFWHFLADIDKPSIIGEFHNGALDSGLLNPGLIHAESQHDRGVKYQQYMYSVIDNPYFVGAHWFQYIDSPLTGRAYDGENYNVGFVNVADIPYMPLVNAAKEVNQQLYQRRYTNNVN,29.80871558189392
31,MKKIYHSISKVLACVSILAFSQETTAQTAVTIDFQTQRYLDQVSELDRSKFFTIHASAGKDYSDQDMAHLKDWDVKFGRSFWGAFGRYNDYISSNQVFPTDDKIISDGIKNINNTKKQAFYKHITRQLVVTDHPKSMIHMDLDTKEAGAFAAKYFKYNYEDELRPMFYEPVNEPFVHAREFMGDNYQESEVRRKTAEYFKEIGKAFDEEGIDTYVIGYSSAWPSMELWDFGHWESRMKMFMDVAGDYMDGFSTHLYDGINVTGQDTERSGSNADAILDLIETYSYIKWGTIKPHAITEYGGISQGYGDTYTDVESIQTVRSINHMIFGLMDREDRLMISIPFITGKSSWYYEANDYEPYGANLWKPVKSSVVNGVIHEYDFTEKVMFYDLWKNVSGKRVRCSSSNPDIFIQAFVDEDKAYVCLNNIATDDQDVSMQFISSVGDVEKINKRSLKIYQNEKAIYEDVDLDNQPESITLQPHETVILTYDLKNNVTFHKKAIRKEYYSKTYMQPIESNETLSFEFNDVELNTAHGEARLRMAVGRTHNLTKRPTIKVNGTKVNILSNWKGYDQANRDDFFGVIEVPIPHQLLTVNNKVDISFPDEGGTLSSIILSVNNIYDLSSRLPFKGQVFELPQKIEAEDFDLGGQGVAYYSTDNINSIGAYRINEGVNIDKNGDAFEINLKQNEWTSYSVEVPESAIYTVTVNTSTISTESQIDLIVDNEKICETIEVNNSDNALKEVKVELAKGIYPIHVLGNGDVKIDFLDFSNAELLTDDIKFTSNNSEIKTGETNNFEIEYTAANDRDIVLELWGDSFLLGQTRVNVAAGSSSINVPLDVYAEPLNYENVELVAKVVKVNSNSLNSFAETVFNEFEFDPVLSVSDDLLDEDLITVFPNPVLNNQKLGIRGENKIYRIDILNTQGQVFDSFEFQQPSLQVSLSLNNQYSRGIYLVRIYNENGSYTKKIMIQ,45.12211561203003
